"<a aria-label=""bissspuren an gladiator-knochen: hinweise auf kampf gegen raubkatze?"" href=""/geschichte-und-kultur/2025/04/bissspuren-an-gladiator-knochen-hinweise-auf-kampf-gegen-raubkatze"" title=""bissspuren an gladiator-knochen: hinweise auf kampf gegen raubkatze?"">bissspuren an gladiator-knochen: hinweise auf kampf gegen raubkatze?</a>",
"<a aria-label=""kann man regenwald retten, indem man ihn kauft?"" href=""/reise-und-abenteuer/2025/06/kann-man-regenwald-retten-indem-man-ihn-kauft"" title=""kann man regenwald retten, indem man ihn kauft?"">kann man regenwald retten, indem man ihn kauft?</a>",
"<a aria-label=""unsichtbare todesfalle: wenn vögel gegen fenster fliegen"" href=""/tiere/2025/06/unsichtbare-todesfalle-wenn-voegel-gegen-fenster-fliegen"" title=""unsichtbare todesfalle: wenn vögel gegen fenster fliegen"">unsichtbare todesfalle: wenn vögel gegen fenster fliegen</a>",
"<a aria-label=""schwimmen mit orcas: auf tauchgang in der arktis"" href=""/tiere/2025/05/schwimmen-mit-orcas-auf-tauchgang-in-der-arktis"" title=""schwimmen mit orcas: auf tauchgang in der arktis"">schwimmen mit orcas: auf tauchgang in der arktis</a>",
"<a aria-label=""5 fakten über die hexenjagd von salem"" href=""/geschichte-und-kultur/2025/06/5-fakten-ueber-die-hexenjagd-von-salem"" title=""5 fakten über die hexenjagd von salem"">5 fakten über die hexenjagd von salem</a>",
"<a aria-label=""überleben kakerlaken einen atomkrieg? 7 mythen über heimische insekten"" href=""/tiere/2025/05/ueberleben-kakerlaken-einen-atomkrieg-7-mythen-ueber-heimische-insekten"" title=""überleben kakerlaken einen atomkrieg? 7 mythen über heimische insekten"">überleben kakerlaken einen atomkrieg? 7 mythen über heimische insekten</a>",
"<a aria-label=""dark events: warum wir uns vom tod angezogen fühlen"" href=""/wissenschaft/2025/06/dark-events-warum-wir-uns-vom-tod-angezogen-fuehlen"" title=""dark events: warum wir uns vom tod angezogen fühlen"">dark events: warum wir uns vom tod angezogen fühlen</a>",
"<a aria-label=""wer in der kalten jahreszeit gezeugt wurde, ist schlanker"" href=""/wissenschaft/2025/04/wer-in-der-kalten-jahreszeit-gezeugt-wurde-ist-schlanker"" title=""wer in der kalten jahreszeit gezeugt wurde, ist schlanker"">wer in der kalten jahreszeit gezeugt wurde, ist schlanker</a>",
"<a aria-label=""von wolkenjägern und walsuchern: die besten forschungsbilder des jahres"" href=""/wissenschaft/2025/05/von-wolkenjaegern-und-walsuchern-die-besten-forschungsbilder-des-jahres"" title=""von wolkenjägern und walsuchern: die besten forschungsbilder des jahres"">von wolkenjägern und walsuchern: die besten forschungsbilder des jahres</a>",
"<a aria-label=""gar nicht lustig: partydroge lachgas"" href=""/wissenschaft/2025/06/gar-nicht-lustig-partydroge-lachgas"" title=""gar nicht lustig: partydroge lachgas"">gar nicht lustig: partydroge lachgas</a>",
"<a aria-label=""galerie: schwimmen mit orcas"" href=""/photography/2025/05/galerie-schwimmen-mit-orcas"" title=""galerie: schwimmen mit orcas"">galerie: schwimmen mit orcas</a>",
"<a aria-label=""deutschland sucht das gartentier des jahres 2025"" href=""/tiere/2025/04/deutschland-sucht-das-gartentier-des-jahres-2025"" title=""deutschland sucht das gartentier des jahres 2025"">deutschland sucht das gartentier des jahres 2025</a>",
"<a aria-label=""brotlaibidole: mysteriöse objekte aus der bronzezeit"" href=""/geschichte-und-kultur/2025/03/brotlaibidole-mysterioese-objekte-aus-der-bronzezeit-archaologie"" title=""brotlaibidole: mysteriöse objekte aus der bronzezeit"">brotlaibidole: mysteriöse objekte aus der bronzezeit</a>",
"<a aria-label=""deutschland vegan: das passiert, wenn wir keine tierischen produkte mehr essen"" href=""/umwelt/2025/05/veganes-deutschland-das-passiert-wenn-wir-keine-tierischen-produkte-mehr-essen"" title=""deutschland vegan: das passiert, wenn wir keine tierischen produkte mehr essen"">deutschland vegan: das passiert, wenn wir keine tierischen produkte mehr essen</a>",
"<a aria-label=""über 100 pferdeskelette aus der römerzeit entdeckt"" href=""/geschichte-und-kultur/2025/05/ueber-100-pferdeskelette-aus-der-roemerzeit-entdeckt"" title=""über 100 pferdeskelette aus der römerzeit entdeckt"">über 100 pferdeskelette aus der römerzeit entdeckt</a>",
"<a aria-label=""wie die thüringer bratwurst vietnam eroberte"" href=""/geschichte-und-kultur/2025/05/wie-die-thueringer-bratwurst-vietnam-eroberte"" title=""wie die thüringer bratwurst vietnam eroberte"">wie die thüringer bratwurst vietnam eroberte</a>",
"<a aria-label=""welche spiele spielten die menschen im mittelalter?"" href=""/geschichte-und-kultur/2025/06/welche-spiele-spielten-die-menschen-im-mittelalter"" title=""welche spiele spielten die menschen im mittelalter?"">welche spiele spielten die menschen im mittelalter?</a>",
"<a aria-label=""frauengesundheit im luxusresort: wie das six senses erholung neu denkt"" href=""/reise-und-abenteuer/2025/05/frauengesundheit-im-luxusresort-wie-das-six-senses-erholung-neu-denkt"" title=""frauengesundheit im luxusresort: wie das six senses erholung neu denkt"">frauengesundheit im luxusresort: wie das six senses erholung neu denkt</a>",
"<a aria-label=""wer war konfuzius?"" href=""/geschichte-und-kultur/2025/06/wer-war-konfuzius"" title=""wer war konfuzius?"">wer war konfuzius?</a>",
"<a aria-label=""auszeit im grünen: 4 besondere orte für naturnahe kurztrips"" href=""/reise-und-abenteuer/2025/05/auszeit-im-gruenen-4-besondere-orte-fuer-naturnahe-kurztrips"" title=""auszeit im grünen: 4 besondere orte für naturnahe kurztrips"">auszeit im grünen: 4 besondere orte für naturnahe kurztrips</a>",
"<a aria-label=""die erdachse verschiebt sich – und unser wasserverbrauch ist schuld"" href=""/wissenschaft/2025/06/die-erdachse-verschiebt-sich-und-unser-wasserverbrauch-ist-schuld"" title=""die erdachse verschiebt sich – und unser wasserverbrauch ist schuld"">die erdachse verschiebt sich – und unser wasserverbrauch ist schuld</a>",
"<a aria-label=""sieben wildtiere, die kaum jemand in deutschland vermuten würde"" href=""/tiere/2023/09/sieben-wildtiere-die-kaum-jemand-in-deutschland-vermuten-wuerde"" title=""sieben wildtiere, die kaum jemand in deutschland vermuten würde"">sieben wildtiere, die kaum jemand in deutschland vermuten würde</a>",
"<a aria-label=""wanderer finden wertvollen goldschatz"" href=""/geschichte-und-kultur/2025/05/wanderer-finden-wertvollen-goldschatz"" title=""wanderer finden wertvollen goldschatz"">wanderer finden wertvollen goldschatz</a>",
"<a aria-label=""gute-laune-galerie: tierische sonnenanbeter"" href=""/tiere/2025/06/gute-laune-galerie-tierische-sonnenanbeter"" title=""gute-laune-galerie: tierische sonnenanbeter"">gute-laune-galerie: tierische sonnenanbeter</a>",
"<a aria-label=""der heilige geist und die erste massentaufe: die bedeutung von pfingsten"" href=""/geschichte-und-kultur/2025/06/der-heilige-geist-und-die-erste-massentaufe-die-bedeutung-von-pfingsten"" title=""der heilige geist und die erste massentaufe: die bedeutung von pfingsten"">der heilige geist und die erste massentaufe: die bedeutung von pfingsten</a>",
tiere,
nat geo entdecken,
"<a aria-label=""tag des schlafes: allein oder zu zweit – wie wir besser schlafen und was die forschung dazu sagt"" href=""/wissenschaft/2025/06/tag-des-schlafes-allein-oder-zu-zweit-wie-wir-besser-schlafen-und-was-die-forschung-dazu-sagt"" title=""tag des schlafes: allein oder zu zweit – wie wir besser schlafen und was die forschung ..."">tag des schlafes: allein oder zu zweit – wie wir besser schlafen und was die forschung dazu sagt</a>",
"<a aria-label=""hierarchie unter sklaven: so lebte die unterschicht in pompeji"" href=""/geschichte-und-kultur/2025/06/hierarchie-unter-sklaven-so-lebte-die-unterschicht-in-pompeji"" title=""hierarchie unter sklaven: so lebte die unterschicht in pompeji"">hierarchie unter sklaven: so lebte die unterschicht in pompeji</a>",
"<a aria-label=""wie viel salz ist zu viel?"" href=""/wissenschaft/2025/04/wie-viel-salz-ist-gesund-ernaehrung-koerper"" title=""wie viel salz ist zu viel?"">wie viel salz ist zu viel?</a>",
"<a aria-label=""muskelmasse und iro-schnitt: tierische transformationen zur paarungszeit"" href=""/tiere/2025/06/muskelmasse-und-iro-schnitt-tierische-transformationen-zur-paarungszeit"" title=""muskelmasse und iro-schnitt: tierische transformationen zur paarungszeit"">muskelmasse und iro-schnitt: tierische transformationen zur paarungszeit</a>",
"<a aria-label=""wie giftig ist die luft in kletterhallen?"" href=""/wissenschaft/2025/05/wie-giftig-ist-die-luft-in-kletterhallen"" title=""wie giftig ist die luft in kletterhallen?"">wie giftig ist die luft in kletterhallen?</a>",
geschichte und kultur,
"<a aria-label=""erst verboten, dann popkultur: die entstehungsgeschichte des drag"" href=""/geschichte-und-kultur/2025/06/erst-verboten-dann-popkultur-die-entstehungsgeschichte-des-drag"" title=""erst verboten, dann popkultur: die entstehungsgeschichte des drag"">erst verboten, dann popkultur: die entstehungsgeschichte des drag</a>",
"<a aria-label=""wie man ins berghain kommt – ganz wissenschaftlich betrachtet"" href=""/wissenschaft/2025/03/wie-man-ins-berghain-kommt-ganz-wissenschaftlich-betrachtet"" title=""wie man ins berghain kommt – ganz wissenschaftlich betrachtet"">wie man ins berghain kommt – ganz wissenschaftlich betrachtet</a>",
"<a aria-label=""antikes gymnasium der alten griechen ausgegraben"" href=""/geschichte-und-kultur/2025/04/antikes-gymnasium-der-alten-griechen-ausgegraben-archaologie"" title=""antikes gymnasium der alten griechen ausgegraben"">antikes gymnasium der alten griechen ausgegraben</a>",
"<a aria-label=""der türschwellen-effekt: warum wir vieles sofort wieder vergessen"" href=""/wissenschaft/2023/10/der-tuerschwellen-effekt-warum-wir-vieles-sofort-wieder-vergessen"" title=""der türschwellen-effekt: warum wir vieles sofort wieder vergessen"">der türschwellen-effekt: warum wir vieles sofort wieder vergessen</a>",
reise und abenteuer,
umwelt,
"<a aria-label=""blick hinter die kulissen: die geschichte von madame tussaud"" href=""/geschichte-und-kultur/2025/06/blick-hinter-die-kulissen-die-geschichte-von-madame-tussaud"" title=""blick hinter die kulissen: die geschichte von madame tussaud"">blick hinter die kulissen: die geschichte von madame tussaud</a>",
"<a aria-label=""tierisch menschlich: kuriose erkenntnisse aus der tierforschung"" href=""/tiere/2025/05/tierisch-menschlich-kuriose-erkenntnisse-aus-der-tierforschung"" title=""tierisch menschlich: kuriose erkenntnisse aus der tierforschung"">tierisch menschlich: kuriose erkenntnisse aus der tierforschung</a>",
"<a aria-label=""4 tipps für einen bienenfreundlichen garten oder balkon"" href=""/tiere/2025/06/4-tipps-fuer-einen-bienenfreundlichen-garten-oder-balkon"" title=""4 tipps für einen bienenfreundlichen garten oder balkon"">4 tipps für einen bienenfreundlichen garten oder balkon</a>",
"<a aria-label=""rätsel um mumifizierung gelöst: österreichischer geistlicher wurde ausgestopft"" href=""/geschichte-und-kultur/2025/05/raetsel-um-mumifizierung-geloest-oesterreichischer-geistlicher-wurde-ausgestopft"" title=""rätsel um mumifizierung gelöst: österreichischer geistlicher wurde ausgestopft"">rätsel um mumifizierung gelöst: österreichischer geistlicher wurde ausgestopft</a>",
"<a aria-label=""vom mythos zum monster: als der drache im mittelalter zum teufel wurde"" href=""/geschichte-und-kultur/2025/05/vom-mythos-zum-monster-als-der-drache-im-mittelalter-zum-teufel-wurde"" title=""vom mythos zum monster: als der drache im mittelalter zum teufel wurde"">vom mythos zum monster: als der drache im mittelalter zum teufel wurde</a>",
"<a aria-label=""mama ist die beste! tierische galerie zum muttertag"" href=""/fotografie/2025/05/mama-ist-die-beste-tierische-galerie-zum-muttertag"" title=""mama ist die beste! tierische galerie zum muttertag"">mama ist die beste! tierische galerie zum muttertag</a>",
abonnement,
"<a aria-label=""11 geheimtipps für den frühling in europa: die besten reiseziele abseits der touristenströme"" href=""/reise-und-abenteuer/2025/05/11-geheimtipps-fuer-den-fruehling-in-europa-die-besten-reiseziele-abseits-der-touristenstroeme"" title=""11 geheimtipps für den frühling in europa: die besten reiseziele abseits der touristenströme"">11 geheimtipps für den frühling in europa: die besten reiseziele abseits der touristenströme</a>",
"<a aria-label=""der berg der berge: eine begegnung mit dem everest"" href=""/reise-und-abenteuer/2025/03/der-berg-der-berge-eine-begegnung-mit-dem-everest"" title=""der berg der berge: eine begegnung mit dem everest"">der berg der berge: eine begegnung mit dem everest</a>",
"<a aria-label=""der wikingerschatz von galloway"" href=""/geschichte-und-kultur/2025/06/der-wikingerschatz-von-galloway"" title=""der wikingerschatz von galloway"">der wikingerschatz von galloway</a>",
"<a aria-label=""deutschlands wale: hier kann man die meeressäuger beobachten"" href=""/tiere/2025/05/deutschlands-wale-hier-kann-man-die-meeressaeuger-beobachten"" title=""deutschlands wale: hier kann man die meeressäuger beobachten"">deutschlands wale: hier kann man die meeressäuger beobachten</a>",
"<a aria-label=""dinos in deutschland: diese fossilien haben die forschung revolutioniert"" href=""/tiere/2025/05/dinos-in-deutschland-diese-fossilien-haben-die-forschung-revolutioniert"" title=""dinos in deutschland: diese fossilien haben die forschung revolutioniert"">dinos in deutschland: diese fossilien haben die forschung revolutioniert</a>",
"<a aria-label=""dieses wissen über hautkrebs kann leben retten"" href=""/wissenschaft/2025/06/dieses-wissen-ueber-hautkrebs-kann-leben-retten"" title=""dieses wissen über hautkrebs kann leben retten"">dieses wissen über hautkrebs kann leben retten</a>",
"<a aria-label=""24 versteckte orte jenseits der touristenpfade"" href=""/reise-und-abenteuer/2025/06/24-versteckte-orte-jenseits-der-touristenpfade"" title=""24 versteckte orte jenseits der touristenpfade"">24 versteckte orte jenseits der touristenpfade</a>",
"<a aria-label=""die 9 spektakulärsten strände europas"" href=""/reise-und-abenteuer/2025/05/die-9-spektakulaersten-straende-europas"" title=""die 9 spektakulärsten strände europas"">die 9 spektakulärsten strände europas</a>",
wissenschaft,
über uns,
"<a aria-label=""harvards magna carta entpuppt sich als echt"" href=""/geschichte-und-kultur/2025/05/harvards-magna-carta-entpuppt-sich-als-echt"" title=""harvards magna carta entpuppt sich als echt"">harvards magna carta entpuppt sich als echt</a>",
"<a aria-label=""unterirdische wunderwelten: die 7 spektakulärsten höhlen deutschlands"" href=""/reise-und-abenteuer/2025/06/unterirdische-wunderwelten-die-7-spektakulaersten-hoehlen-deutschlands"" title=""unterirdische wunderwelten: die 7 spektakulärsten höhlen deutschlands"">unterirdische wunderwelten: die 7 spektakulärsten höhlen deutschlands</a>",
folgen sie uns,
"<a aria-label="" wanderer finden wertvollen goldschatz"" href=""/photography/2025/05/wanderer-finden-wertvollen-goldschatz"" title="" wanderer finden wertvollen goldschatz""> wanderer finden wertvollen goldschatz</a>",
"<a aria-label=""störche in deutschland: vom sorgenkind zur plage?"" href=""/tiere/2025/05/stoerche-in-deutschland-vom-sorgenkind-zur-plage"" title=""störche in deutschland: vom sorgenkind zur plage?"">störche in deutschland: vom sorgenkind zur plage?</a>",
